1,20/1434297069537/1.m4v
2,4/1434297069537/2.m4v
3,1/1434297069537/3.m4v
4,1/1434297069537/4.m4v
5,1/1434297069537/5.m4v
6,1/1434297069537/6.m4v
7,7/1434297069537/7.m4v
8,7/1434297069537/8.m4v
9,7/1434297069537/9.m4v
10,7/1434297069537/10.m4v
11,7/1434297069537/11.m4v
12,7/1434297069537/12.m4v
13,7/1434297069537/13.m4v
14,7/1434297069537/14.m4v
15,7/1434297069537/15.m4v
16,7/1434297069537/16.m4v
17,7/1434297069537/17.m4v
18,7/1434297069537/18.m4v
19,12/1434297069537/19.m4v
20,4/1434297069537/20.m4v
21,12/1434297069537/21.m4v
22,12/1434297069537/22.m4v
23,12/1434297069537/23.m4v
24,12/1434297069537/24.m4v
25,12/1434297069537/25.m4v
26,12/1434297069537/26.m4v
27,12/1434297069537/27.m4v
28,12/1434297069537/28.m4v
29,12/1434297069537/29.m4v
30,13/1434297069537/30.m4v
31,13/1434297069537/31.m4v
32,15/1434297069537/32.m4v
33,15/1434297069537/33.m4v
34,15/1434297069537/34.m4v
35,16/1434297069537/35.m4v
36,16/1434297069537/36.m4v
37,14/1434297069537/37.m4v
38,11/1434297069537/38.m4v
39,6/1434297069537/39.m4v
40,6/1434297069537/40.m4v
41,5/1434297069537/41.m4v
42,6/1434297069537/42.m4v
43,6/1434297069537/43.m4v
44,6/1434297069537/44.m4v
45,6/1434297069537/45.m4v
46,6/1434297069537/46.m4v
47,6/1434297069537/47.m4v
48,6/1434297069537/48.m4v
49,8/1434297069537/49.m4v
50,18/1434297069537/50.m4v
51,18/1434297069537/51.m4v
52,18/1434297069537/52.m4v
53,18/1434297069537/53.m4v
54,18/1434297069537/54.m4v
55,18/1434297069537/55.m4v
56,8/1434297069537/56.m4v
57,8/1434297069537/57.m4v
58,19/1434297069537/58.m4v
59,19/1434297069537/59.m4v
60,8/1434297069537/60.m4v
61,8/1434297069537/61.m4v
62,19/1434297069537/62.m4v
63,19/1434297069537/63.m4v
64,19/1434297069537/64.m4v
65,19/1434297069537/65.m4v
66,19/1434297069537/66.m4v
67,19/1434297069537/67.m4v
68,8/1434297069537/68.m4v
69,13/1434297069537/69.m4v
70,13/1434297069537/70.m4v
71,13/1434297069537/71.m4v
72,13/1434297069537/72.m4v
73,13/1434297069537/73.m4v
74,13/1434297069537/74.m4v
75,13/1434297069537/75.m4v
76,8/1434297069537/76.m4v
77,17/1434297069537/77.m4v
78,17/1434297069537/78.m4v
79,17/1434297069537/79.m4v
80,17/1434297069537/80.m4v
81,17/1434297069537/81.m4v
82,9/1434297069537/82.m4v
83,10/1434297069537/83.m4v
84,9/1434297069537/84.m4v
85,9/1434297069537/85.m4v
